Transaction Date,Post Date,Description,Category,Type,Amount,Memo
01/24/2025,01/26/2025,AMAZON MKTPL*ZC52M97Z2,Shopping,Sale,-8.30,
01/24/2025,01/26/2025,AMAZON MKTPL*ZG9LT0301,Shopping,Sale,-11.50,
01/20/2025,01/21/2025,Amazon.com*Z588965B1,Shopping,Sale,-29.96,
01/13/2025,01/14/2025,AMAZON MKTPL*Z53Y94NP0,Shopping,Sale,-9.19,
01/11/2025,01/12/2025,AMAZON MKTPL*ZD14D02Z0,Shopping,Sale,-37.99,
01/10/2025,01/12/2025,AMAZON MKTPL*ZD4NM8D70,Shopping,Sale,-12.57,
01/10/2025,01/10/2025,AMAZON MKTPL*ZD4KY88H0,Shopping,Sale,-35.97,
01/03/2025,01/05/2025,Amazon.com*ZP75C2Q80,Shopping,Sale,-41.88,
01/03/2025,01/05/2025,AMAZON MKTPL*ZP43E4HE0,Shopping,Sale,-40.79,
01/04/2025,01/05/2025,AMAZON MKTPL*ZP3QO1NC1,Shopping,Sale,-85.64,
12/30/2024,12/31/2024,Amazon.com*ZE3CN1HK1,Shopping,Sale,-38.56,
12/26/2024,12/27/2024,Amazon Prime*Z90D32K91,Bills & Utilities,Sale,-6.99,
12/20/2024,12/22/2024,AMAZON MKTPL*Z10HY3WJ1,Shopping,Sale,-28.99,
12/10/2024,12/10/2024,Payment Thank You-Mobile,,Payment,120.51,
12/05/2024,12/06/2024,AMAZON MKTPL*ZR8F68ZE2,Shopping,Sale,-10.67,
11/27/2024,11/28/2024,AMAZON MKTPL*Z327D21P0,Shopping,Sale,-14.89,
11/26/2024,11/27/2024,Amazon Prime*B212I54F3,Bills & Utilities,Sale,-6.99,
11/25/2024,11/26/2024,AMAZON MKTPL*ZG4H54923,Shopping,Sale,-87.96,
11/19/2024,11/20/2024,Payment Thank You-Mobile,,Payment,99.24,
11/14/2024,11/15/2024,AMAZON MKTPL*5P29I1L93,Shopping,Sale,-104.84,
11/14/2024,11/15/2024,Amazon.com*838782SS3,Shopping,Sale,-14.95,
11/10/2024,11/11/2024,AMAZON MKTPL*G46WG7083,Shopping,Sale,-37.97,
11/04/2024,11/05/2024,AMAZON MKTPL*DQ1AD9MY3,Shopping,Sale,-14.41,
09/24/2024,10/30/2024,REBILL DD *DOORDASHDASHPA,Food & Drink,Sale,-9.99,
10/24/2024,10/27/2024,DD *DOORDASHDASHPASS,Food & Drink,Return,9.99,
10/26/2024,10/27/2024,Payment Thank You-Mobile,,Payment,498.64,
10/26/2024,10/27/2024,DD *DOORDASHDASHPASS,Food & Drink,Return,9.99,
10/26/2024,10/27/2024,Amazon Prime*JP69E4VN3,Bills & Utilities,Sale,-6.99,
10/26/2024,10/27/2024,DD *DOORDASHDASHPASS,Food & Drink,Return,9.99,
10/26/2024,10/27/2024,DD *DOORDASHDASHPASS,Food & Drink,Return,9.99,
10/26/2024,10/27/2024,DD *DOORDASHDASHPASS,Food & Drink,Return,9.99,
10/26/2024,10/27/2024,DD *DOORDASHDASHPASS,Food & Drink,Return,9.99,
10/26/2024,10/27/2024,DD *DOORDASHDASHPASS,Food & Drink,Return,9.99,
10/26/2024,10/27/2024,DD *DOORDASHDASHPASS,Food & Drink,Return,9.99,
10/26/2024,10/27/2024,DD *DOORDASHDASHPASS,Food & Drink,Return,9.99,
10/24/2024,10/24/2024,DD *DOORDASHDASHPASS,Food & Drink,Sale,-9.99,
10/22/2024,10/23/2024,AMAZON MKTPL*BN3LA2V33,Shopping,Sale,-29.99,
10/20/2024,10/21/2024,Amazon.com*PR1YM31G3,Shopping,Sale,-5.99,
10/20/2024,10/21/2024,Amazon.com*F75HM4BX3,Shopping,Sale,-33.94,
10/17/2024,10/18/2024,AMAZON MKTPL*PB9L02VS3,Shopping,Sale,-26.97,
10/18/2024,10/18/2024,Payment Thank You - Web,,Payment,43.98,
10/15/2024,10/17/2024,AMAZON MKTPL*8N5F78TL3,Shopping,Sale,-84.22,
10/15/2024,10/16/2024,AMAZON MKTPL*XP1ZP8AG3,Shopping,Sale,-171.03,
10/11/2024,10/13/2024,Amazon.com*IO6O33S33,Shopping,Sale,-12.98,
10/09/2024,10/10/2024,Amazon.com*N770H2R83,Shopping,Sale,-21.74,
10/09/2024,10/10/2024,Amazon.com*N10ER7NJ3,Shopping,Sale,-39.48,
10/06/2024,10/07/2024,AMAZON MKTPL*DV0L85Y13,Shopping,Sale,-62.31,
09/24/2024,10/02/2024,DD *DOORDASHDASHPASS,Food & Drink,Adjustment,9.99,
09/30/2024,09/30/2024,Amazon.com*PM6FV5Q43,Shopping,Sale,-29.99,
09/26/2024,09/27/2024,Amazon Prime*E61741EE3,Bills & Utilities,Sale,-6.99,
09/26/2024,09/26/2024,AMAZON MKTPL*ML3G56N63,Shopping,Sale,-16.99,
09/25/2024,09/25/2024,Payment Thank You - Web,,Payment,227.09,
09/24/2024,09/24/2024,DD *DOORDASHDASHPASS,Food & Drink,Sale,-9.99,
09/21/2024,09/22/2024,AMAZON MKTPL*6845K6R23,Shopping,Sale,-17.99,
09/19/2024,09/20/2024,AMAZON MKTPL*5L2IJ82I3,Shopping,Sale,-7.89,
09/19/2024,09/19/2024,AMAZON MKTPL*ZD1G29JB3,Shopping,Sale,-9.67,
09/13/2024,09/15/2024,AMAZON MKTPL*8U2UL3173,Shopping,Sale,-44.47,
09/13/2024,09/15/2024,AMAZON MKTPL*9B7U70RZ3,Shopping,Sale,-38.99,
09/14/2024,09/15/2024,AMAZON MKTPL*EZ7OT8YD3,Shopping,Sale,-53.73,
09/11/2024,09/12/2024,AMAZON MKTPL*Z88HQ9FS1,Shopping,Sale,-9.99,
09/11/2024,09/12/2024,AMAZON MKTPL*C99U27NJ3,Shopping,Sale,-9.99,
09/11/2024,09/12/2024,AMAZON MKTPL*Z88JS7LZ1,Shopping,Sale,-20.38,
09/11/2024,09/12/2024,AMAZON MKTPL*CS9U39YX3,Shopping,Sale,-4.00,
09/11/2024,09/11/2024,Payment Thank You - Web,,Payment,955.44,
09/09/2024,09/09/2024,AMAZON MKTPL*ZT7E79W00,Shopping,Sale,-209.00,
09/05/2024,09/08/2024,FAIRYLOOT US,Shopping,Return,34.90,
09/05/2024,09/06/2024,AMAZON MKTPLACE PMTS,Shopping,Return,20.99,
09/05/2024,09/05/2024,FAIRYLOOT US,Shopping,Sale,-34.90,
09/04/2024,09/05/2024,AMAZON MKTPL*ZT6LV6QI2,Shopping,Sale,-89.01,
09/04/2024,09/05/2024,AMAZON MKTPL*ZT5KB63U1,Shopping,Sale,-221.44,
06/24/2024,09/04/2024,CRICUT,Shopping,Adjustment,9.99,
08/31/2024,09/01/2024,AMAZON MKTPL*ZT0OP2CK2,Shopping,Sale,-24.03,
08/29/2024,08/29/2024,AMAZON MKTPL*RK2YD5QT2,Shopping,Sale,-89.39,
08/27/2024,08/28/2024,AMAZON MKTPL*R40QX2U00,Shopping,Sale,-14.95,
08/26/2024,08/27/2024,Amazon Prime*R46SQ7271,Bills & Utilities,Sale,-6.99,
08/26/2024,08/27/2024,AMAZON MKTPL*R47RQ4DV1,Shopping,Sale,-6.29,
08/26/2024,08/26/2024,AMZN Mktp US*R46LX8DY1,Shopping,Sale,-199.98,
08/25/2024,08/26/2024,Amazon.com*R425R7HP0,Shopping,Sale,-10.00,
08/26/2024,08/26/2024,AMAZON MKTPL*R48A99QX0,Shopping,Sale,-56.93,
08/24/2024,08/25/2024,DD *DOORDASHDASHPASS,Food & Drink,Sale,-9.99,
08/21/2024,08/21/2024,Payment Thank You - Web,,Payment,80.58,
08/14/2024,08/15/2024,AMAZON MKTPL*RU3UL9F30,Shopping,Sale,-48.42,
07/24/2024,07/24/2024,DD *DOORDASHDASHPASS,Food & Drink,Sale,-9.99,
07/19/2024,07/21/2024,AMAZON MKTPL*RS3I829T2,Shopping,Sale,-59.80,
07/19/2024,07/21/2024,Amazon.com*RS8PD0972,Shopping,Sale,-10.79,
07/13/2024,07/14/2024,Payment Thank You - Web,,Payment,200.95,
07/09/2024,07/10/2024,AMAZON MKTPL*RY7EM6CH1,Shopping,Sale,-38.98,
07/05/2024,07/07/2024,FAIRYLOOT US,Shopping,Return,34.90,
07/05/2024,07/05/2024,FAIRYLOOT US,Shopping,Sale,-34.90,
07/02/2024,07/03/2024,COSTCO *ANNUAL RENEWAL,Shopping,Sale,-120.00,
07/02/2024,07/03/2024,AMAZON MKTPL*R71TZ6PO0,Shopping,Sale,-31.98,
06/25/2024,06/25/2024,Payment Thank You-Mobile,,Payment,9.99,
06/24/2024,06/25/2024,CRICUT,Shopping,Sale,-9.99,
06/24/2024,06/24/2024,DD *DOORDASHDASHPASS,Food & Drink,Sale,-9.99,
06/19/2024,06/19/2024,Payment Thank You - Web,,Payment,785.82,
06/06/2024,06/07/2024,FAIRYLOOT US,Shopping,Sale,-38.00,
06/04/2024,06/05/2024,AMZN Mktp US*8F6575VL3,Shopping,Sale,-26.39,
06/01/2024,06/03/2024,MUD BAY BEAVERTON TOWN SQ,Shopping,Sale,-60.99,
06/02/2024,06/03/2024,FRED-MEYER #0035,Groceries,Sale,-18.90,
06/01/2024,06/03/2024,ASIAN FOOD CENTER,Groceries,Sale,-11.56,
06/01/2024,06/02/2024,COSTCO WHSE #0009,Shopping,Return,24.99,
05/29/2024,05/30/2024,CHIPOTLE 0512,Food & Drink,Sale,-10.05,
05/27/2024,05/29/2024,SAFEWAY #1073,Groceries,Sale,-3.28,
05/26/2024,05/27/2024,Amazon Prime*J38KR8OU3,Bills & Utilities,Sale,-6.99,
05/24/2024,05/26/2024,CRICUT,Shopping,Sale,-9.99,
05/25/2024,05/26/2024,HMART - PORTLAND,Groceries,Sale,-54.16,
05/24/2024,05/26/2024,JACK IN THE BOX 7118,Food & Drink,Sale,-9.99,
05/24/2024,05/24/2024,DD *DOORDASHDASHPASS,Food & Drink,Sale,-9.99,
05/21/2024,05/22/2024,AMZN Mktp US*1N2YZ3D13,Shopping,Sale,-11.86,
05/21/2024,05/22/2024,AMZN Mktp US*Q39147UW3,Shopping,Sale,-65.84,
05/19/2024,05/19/2024,AUTOMATIC PAYMENT - THANK,,Payment,1352.69,
05/17/2024,05/19/2024,TJMAXX #0343,Shopping,Sale,-57.99,
05/17/2024,05/19/2024,CRAFT WAREHOUSE 14,Shopping,Sale,-16.96,
05/16/2024,05/16/2024,Amazon.com*CL12J3NB3,Shopping,Sale,-3.99,
05/16/2024,05/16/2024,AMZN Mktp US*EU2MT4U03,Shopping,Sale,-34.96,
05/11/2024,05/13/2024,OUTBACK 3811,Food & Drink,Sale,-90.80,
05/05/2024,05/07/2024,SAFEWAY #3557,Groceries,Sale,-6.81,
05/05/2024,05/06/2024,Amazon.com,Shopping,Return,20.98,
05/04/2024,05/06/2024,NEXT LEVEL PINBALL SHOP,Personal,Sale,-44.00,
05/05/2024,05/06/2024,SPO*AMELIA'SRUSTICMEXICAN,Food & Drink,Sale,-47.77,
05/05/2024,05/05/2024,FAIRYLOOT US,Shopping,Sale,-34.90,
05/05/2024,05/05/2024,Amazon.com*SZ9AL4PY3,Shopping,Sale,-18.98,
05/01/2024,05/02/2024,AMZN Mktp US*DR5A06MO3,Shopping,Sale,-21.55,
05/01/2024,05/02/2024,AMZN Mktp US*G673W1GI3,Shopping,Sale,-24.99,
04/26/2024,04/28/2024,Amazon Prime*199HD40Z3,Bills & Utilities,Sale,-6.99,
04/25/2024,04/28/2024,McDonalds 2160,Food & Drink,Sale,-12.16,
04/25/2024,04/26/2024,AMZN Mktp US*9Y22D5023,Shopping,Sale,-18.00,
04/25/2024,04/25/2024,DD *DOORDASHDASHPASS,Food & Drink,Sale,-9.99,
04/24/2024,04/25/2024,CRICUT,Shopping,Sale,-9.99,
04/24/2024,04/25/2024,AMZN Mktp US*FB8I51VW3,Shopping,Sale,-11.99,
04/21/2024,04/22/2024,Amazon.com*2J00H23M3,Shopping,Sale,-22.99,
04/20/2024,04/21/2024,LS RETRO GAME TRADER,Shopping,Sale,-15.00,
04/20/2024,04/21/2024,LS RETRO GAME TRADER,Shopping,Sale,-103.00,
04/19/2024,04/21/2024,FRED-MEYER #0035,Groceries,Sale,-1.08,
04/19/2024,04/21/2024,TRADER JOE S #141,Groceries,Sale,-28.43,
04/19/2024,04/21/2024,UWAJIMAYA,Groceries,Sale,-35.00,
04/19/2024,04/21/2024,TST* KIZUKI RAMEN &amp; IZAKA,Food & Drink,Sale,-44.50,
04/19/2024,04/19/2024,AUTOMATIC PAYMENT - THANK,,Payment,1544.09,
04/15/2024,04/17/2024,TST* SCREEN DOOR RESTAURA,Food & Drink,Sale,-102.00,
04/15/2024,04/17/2024,PORTLAND JAPANESE GARD,Entertainment,Sale,-43.90,
04/15/2024,04/16/2024,LS PORTLAND JAPANESE,Entertainment,Sale,-18.00,
04/14/2024,04/15/2024,AMZN Mktp US*PK77V5IX3,Shopping,Sale,-11.59,
04/12/2024,04/15/2024,MUD BAY SELLWOOD,Shopping,Sale,-60.99,
04/13/2024,04/14/2024,CRAFT WAREHOUSE 14,Shopping,Sale,-19.99,
04/12/2024,04/14/2024,SQ *FAT SCHLAGS  LLC,Groceries,Sale,-6.50,
04/13/2024,04/14/2024,FRED-MEYER #0035,Groceries,Sale,-0.99,
04/12/2024,04/14/2024,SQ *NOMAD LEATHER,Shopping,Sale,-55.00,
04/12/2024,04/14/2024,NECTAR FROZEN YOG LOUNGE,Food & Drink,Sale,-8.84,
04/13/2024,04/14/2024,LOWES #01108*,Home,Sale,-18.86,
04/12/2024,04/14/2024,AFTONTICKETS.COM,Entertainment,Sale,-40.00,
04/10/2024,04/11/2024,MCDONALD'S F2160,Food & Drink,Sale,-5.75,
04/10/2024,04/11/2024,MCDONALD'S F2160,Food & Drink,Sale,-1.49,
04/10/2024,04/11/2024,AMZN Mktp US*H58JQ6MU3,Shopping,Sale,-14.75,
04/07/2024,04/09/2024,SAFEWAY #1525,Groceries,Sale,-21.46,
04/07/2024,04/09/2024,SAFEWAY #1073,Groceries,Sale,-7.88,
04/07/2024,04/09/2024,PAXTON GATE PDX,Home,Sale,-5.00,
04/06/2024,04/08/2024,PAPERSOURCE -4240,Shopping,Sale,-17.45,
04/04/2024,04/07/2024,SAFEWAY #1525,Groceries,Sale,-26.63,
04/05/2024,04/07/2024,PELICAN BREWING  - CANNON,Food & Drink,Sale,-76.57,
04/06/2024,04/07/2024,SP THE MEADOW - SALT,Groceries,Sale,-37.00,
04/06/2024,04/07/2024,USPS PO 4006880100,Shopping,Sale,-12.19,
04/04/2024,04/05/2024,MCDONALD'S F11080,Food & Drink,Sale,-4.65,
04/04/2024,04/05/2024,TST* THE KNOCK BACK,Food & Drink,Sale,-9.00,
04/05/2024,04/05/2024,FAIRYLOOT US,Shopping,Sale,-34.90,
04/02/2024,04/03/2024,SQ *URBANITE,Home,Sale,-15.00,
04/02/2024,04/03/2024,SQ *SALT&amp;PEPPER PERUMEX L,Food & Drink,Sale,-107.80,
03/31/2024,04/02/2024,SAFEWAY #1073,Groceries,Sale,-6.43,
03/31/2024,04/02/2024,SAFEWAY #1073,Groceries,Sale,-30.37,
03/31/2024,04/01/2024,AMZN Mktp US*RA4YN6XA1,Shopping,Sale,-25.63,
03/30/2024,03/31/2024,TEA &amp; TEA INC,Food & Drink,Sale,-14.00,
03/30/2024,03/31/2024,CHIPOTLE 0512,Food & Drink,Sale,-19.60,
03/28/2024,03/29/2024,MCDONALD'S F2160,Food & Drink,Sale,-5.85,
03/28/2024,03/29/2024,AMZN Mktp US*RH4E39YX1,Shopping,Sale,-12.48,
03/28/2024,03/29/2024,NEW SEASONS MARKET,Groceries,Sale,-1.84,
03/28/2024,03/29/2024,MCDONALD'S F2160,Food & Drink,Sale,-1.49,
03/28/2024,03/29/2024,AMZN Mktp US*RA0DW56K2,Shopping,Sale,-53.98,
03/26/2024,03/27/2024,Amazon Prime*RH7CY9SG1,Bills & Utilities,Sale,-6.99,
03/23/2024,03/25/2024,TST* BUBBLE N TEA LLC,Food & Drink,Sale,-6.00,
03/24/2024,03/25/2024,CRICUT,Shopping,Sale,-9.99,
03/25/2024,03/25/2024,DD *DOORDASHDASHPASS,Food & Drink,Sale,-9.99,
03/21/2024,03/24/2024,PHO VAN BEAVERTON TOWN SQ,Food & Drink,Sale,-59.85,
03/22/2024,03/24/2024,OSU GRADUATE SCHOOL,Education,Sale,-75.00,
03/19/2024,03/19/2024,AUTOMATIC PAYMENT - THANK,,Payment,1269.96,
03/17/2024,03/18/2024,FRED MEYER 0035,Groceries,Sale,-37.18,
03/15/2024,03/17/2024,adidas 6536 Portland,Shopping,Sale,-440.00,
03/14/2024,03/15/2024,SQ *MAIALE ROSA WOOD FIRE,Food & Drink,Sale,-52.80,
03/12/2024,03/14/2024,TST* BUBBLE N TEA LLC,Food & Drink,Sale,-6.00,
03/12/2024,03/13/2024,FRED MEYER 0035,Groceries,Sale,-22.25,
03/11/2024,03/13/2024,McDonalds 2160,Food & Drink,Sale,-3.90,
03/11/2024,03/12/2024,USPS PO 4006880100,Shopping,Sale,-1.27,
03/10/2024,03/11/2024,COSTCO GAS #0009,Gas,Sale,-39.16,
03/10/2024,03/11/2024,COSTCO WHSE #0009,Shopping,Sale,-195.44,
03/08/2024,03/10/2024,Amazon.com*RN4WH8QV2,Shopping,Sale,-7.89,
03/10/2024,03/10/2024,LOVE'S #0728 OUTSIDE,Gas,Sale,-10.00,
03/08/2024,03/10/2024,Amazon.com*RN0BK85P2,Shopping,Sale,-75.14,
03/08/2024,03/10/2024,AMAZON PRIME PMTS,Shopping,Return,5.99,
03/06/2024,03/08/2024,CINDYS HALLMARK 5,Shopping,Sale,-20.56,
03/06/2024,03/08/2024,CENTURY THEATRES 483,Entertainment,Sale,-7.60,
03/08/2024,03/08/2024,AMAZON PRIME*RN2TZ8CC1,Shopping,Sale,-5.99,
03/06/2024,03/08/2024,KRISPY KREME #1118,Food & Drink,Sale,-11.20,
03/06/2024,03/08/2024,OSWEGO GRILL BEAVERTON,Food & Drink,Sale,-94.04,
03/06/2024,03/07/2024,CNK*CINEMARK.COM 483,Entertainment,Sale,-24.28,
03/07/2024,03/07/2024,FAIRYLOOT US,Shopping,Sale,-34.90,
03/04/2024,03/06/2024,SAFEWAY #1073,Groceries,Sale,-40.91,
03/03/2024,03/04/2024,MCDONALD'S F2160,Food & Drink,Sale,-5.00,
03/03/2024,03/04/2024,MCDONALD'S F2160,Food & Drink,Sale,-4.19,
03/01/2024,03/03/2024,SAFEWAY #1525,Groceries,Sale,-19.14,
03/02/2024,03/03/2024,DOLLAR TREE,Shopping,Sale,-20.00,
03/01/2024,03/03/2024,AMZN Mktp US*RZ39B35V2,Shopping,Sale,-13.74,
03/01/2024,03/03/2024,DOLLAR TREE,Shopping,Sale,-13.75,
03/01/2024,03/03/2024,HANDELS HOMEMADE PORTLAN,Food & Drink,Sale,-13.70,
02/28/2024,02/29/2024,FAIRYLOOT US,Shopping,Sale,-37.90,
02/27/2024,02/29/2024,EL CAMPESINO PDX LLC,Groceries,Sale,-7.71,
02/27/2024,02/28/2024,SQ *SALT&amp;PEPPER PERUMEX L,Food & Drink,Sale,-54.05,
02/26/2024,02/27/2024,Amazon Prime*RW0US6IV2,Bills & Utilities,Sale,-6.99,
02/25/2024,02/26/2024,Amazon.com*RW2MS12A2,Shopping,Sale,-20.98,
02/24/2024,02/26/2024,SAFEWAY #1073,Groceries,Sale,-24.66,
02/22/2024,02/25/2024,SAFEWAY #1073,Groceries,Sale,-16.53,
02/24/2024,02/25/2024,CRICUT,Shopping,Sale,-9.99,
02/22/2024,02/25/2024,TST* TOMS PANCAKE HOUSE,Food & Drink,Sale,-23.59,
02/24/2024,02/25/2024,AMZN Mktp US*RW0X68Q72,Shopping,Sale,-27.99,
02/25/2024,02/25/2024,AMZN Mktp US*RW28O3LW1,Shopping,Sale,-25.99,
02/25/2024,02/25/2024,DD *DOORDASHDASHPASS,Food & Drink,Sale,-9.99,
02/25/2024,02/25/2024,AMZN Mktp US*RZ40Q0000,Shopping,Sale,-19.79,
02/22/2024,02/23/2024,FAIRYLOOT US,Shopping,Sale,-37.90,
02/20/2024,02/21/2024,KFC C748019,Food & Drink,Sale,-30.99,
02/18/2024,02/20/2024,SAFEWAY #1073,Groceries,Sale,-16.26,
02/19/2024,02/19/2024,AUTOMATIC PAYMENT - THANK,,Payment,311.61,
02/18/2024,02/19/2024,CARLS JR RESTAURANTS 8992,Food & Drink,Sale,-3.99,
02/18/2024,02/19/2024,Amazon.com*RI9QJ5J21,Shopping,Sale,-6.65,
02/18/2024,02/19/2024,STEAMGAMES.COM 4259522985,Entertainment,Sale,-9.99,
02/15/2024,02/18/2024,MUD BAY BEAVERTON TOWN SQ,Shopping,Sale,-61.99,
02/15/2024,02/18/2024,ASIAN FOOD CENTER,Groceries,Sale,-18.47,
02/15/2024,02/16/2024,FRED MEYER 0035,Groceries,Sale,-5.69,
02/15/2024,02/16/2024,FEDEX OFFIC59000059022,Personal,Sale,-0.19,
02/15/2024,02/16/2024,UWAJIMAYA,Groceries,Sale,-4.38,
02/16/2024,02/16/2024,ETSY  INC.,Shopping,Sale,-10.94,
02/14/2024,02/15/2024,COSTCO GAS #0009,Gas,Sale,-38.23,
02/13/2024,02/15/2024,SAFEWAY #1073,Groceries,Sale,-28.34,
02/13/2024,02/15/2024,SAFEWAY #1073,Groceries,Sale,-2.00,
02/13/2024,02/14/2024,AMZN Mktp US*RB19L98O1,Shopping,Sale,-13.99,
02/12/2024,02/13/2024,COSTCO WHSE #0009,Shopping,Sale,-36.75,
02/12/2024,02/13/2024,COSTCO WHSE #0009,Shopping,Sale,-13.89,
02/12/2024,02/13/2024,FRED MEYER 0035,Groceries,Sale,-9.98,
02/09/2024,02/11/2024,TST* DIN TAI FUNG - WASHI,Food & Drink,Sale,-71.98,
02/10/2024,02/11/2024,Kindle Unltd*RB1VN1AA1,Shopping,Sale,-11.99,
02/08/2024,02/11/2024,GOODWILL OF GRIFFITH PARK,Gifts & Donations,Sale,-2.45,
02/09/2024,02/11/2024,PANDA EXPRESS #694,Food & Drink,Sale,-8.90,
02/08/2024,02/09/2024,FEDEX OFFIC59000059022,Personal,Sale,-0.76,
02/08/2024,02/09/2024,TJMAXX #0343,Shopping,Sale,-36.96,
02/08/2024,02/09/2024,NEW SEASONS MARKET,Groceries,Sale,-5.98,
02/08/2024,02/08/2024,Amazon.com*RB9DF01X2,Shopping,Sale,-5.54,
02/07/2024,02/08/2024,ETSY  INC.,Shopping,Sale,-33.44,
02/06/2024,02/06/2024,AMZN Mktp US*RB9RI11Y0,Shopping,Sale,-8.99,
02/04/2024,02/05/2024,Oregon Symphony,Entertainment,Sale,-110.00,
02/03/2024,02/05/2024,ASIAN FOOD CENTER,Groceries,Sale,-18.23,
02/05/2024,02/05/2024,FAIRYLOOT US,Shopping,Sale,-34.90,
02/03/2024,02/04/2024,COSTCO WHSE #0009,Shopping,Sale,-96.76,
02/02/2024,02/04/2024,SAFEWAY #1073,Groceries,Sale,-45.11,
02/01/2024,02/04/2024,BARNES &amp; NOBLE #3413,Shopping,Return,22.00,
02/01/2024,02/02/2024,MI LINDA PUEBLA,Food & Drink,Sale,-14.32,
02/01/2024,02/02/2024,SQ *PIP'S ORIGINAL DOUGHN,Food & Drink,Sale,-18.34,
01/31/2024,02/02/2024,MULTNOMAH FALLS,Shopping,Return,25.99,
01/31/2024,02/02/2024,MULTNOMAH FALLS,Shopping,Sale,-25.99,
01/31/2024,02/01/2024,CARVER CAFE INC.,Food & Drink,Sale,-42.45,
01/30/2024,01/31/2024,FEDEX OFFIC59000059022,Personal,Sale,-0.19,
01/29/2024,01/30/2024,PANDA EXPRESS #694,Food & Drink,Sale,-14.60,
01/29/2024,01/30/2024,PANDA EXPRESS #694,Food & Drink,Sale,-10.40,
01/28/2024,01/29/2024,SQ *UR MEDITERRANEAN REST,Food & Drink,Sale,-15.00,
01/26/2024,01/28/2024,TST* TOMS PANCAKE HOUSE,Food & Drink,Sale,-40.78,
01/25/2024,01/28/2024,THE HOME DEPOT 4018,Home,Sale,-14.41,
01/26/2024,01/28/2024,FEDEX OFFIC59000059022,Personal,Sale,-0.19,
01/26/2024,01/28/2024,Amazon Prime*R01VT5WJ0,Bills & Utilities,Sale,-6.99,
01/25/2024,01/26/2024,BARNES&amp;NOBLE PAPERSOURCE,Shopping,Sale,-44.00,
01/24/2024,01/25/2024,Amazon.com*R87TA5UK1,Shopping,Sale,-24.99,
01/25/2024,01/25/2024,DD *DOORDASHDASHPASS,Food & Drink,Sale,-9.99,
01/25/2024,01/25/2024,AMZN Mktp US*R81NB8YF1,Shopping,Sale,-29.77,
01/24/2024,01/25/2024,CRICUT,Shopping,Sale,-9.99,
01/22/2024,01/24/2024,ROSS STORES #1038,Shopping,Sale,-19.99,
01/23/2024,01/24/2024,AMZN Mktp US*R86LF4IN2,Shopping,Sale,-11.55,
01/22/2024,01/23/2024,MCDONALD'S F2160,Food & Drink,Sale,-2.40,
01/22/2024,01/23/2024,MCDONALD'S F2160,Food & Drink,Sale,-3.90,
01/21/2024,01/23/2024,SAFEWAY #1073,Groceries,Sale,-62.00,
01/23/2024,01/23/2024,Amazon.com*R01MK3M20,Shopping,Sale,-49.00,
01/21/2024,01/22/2024,FRED MEYER 0035,Groceries,Sale,-10.97,
01/18/2024,01/19/2024,FAIRYLOOT US,Shopping,Sale,-37.90,
01/15/2024,01/17/2024,SAFEWAY #1073,Groceries,Sale,-73.93,
01/15/2024,01/17/2024,TRADER JOE S #141,Groceries,Sale,-26.18,
01/15/2024,01/16/2024,COSTCO GAS #0009,Gas,Sale,-27.26,
01/15/2024,01/16/2024,BATTERIES PLUS #0212,Shopping,Sale,-14.94,
01/12/2024,01/14/2024,GOODWILL OF GRIFFITH PARK,Gifts & Donations,Sale,-12.96,
01/12/2024,01/14/2024,TST* TOMS PANCAKE HOUSE,Food & Drink,Sale,-29.81,
01/10/2024,01/11/2024,FEDEX OFFIC59000059022,Personal,Sale,-0.19,
01/10/2024,01/11/2024,Kindle Unltd*RT7TY34N2,Shopping,Sale,-11.99,
01/09/2024,01/11/2024,TRADER JOE S #141,Groceries,Sale,-3.79,
01/09/2024,01/10/2024,FEDEX OFFIC59000059022,Personal,Sale,-0.19,
01/08/2024,01/09/2024,MERCARI888-325-2168,Shopping,Sale,-30.50,
01/07/2024,01/08/2024,SQ *BINARYBREWING.CO,Groceries,Sale,-14.00,
01/04/2024,01/07/2024,MUD BAY BEAVERTON TOWN SQ,Shopping,Sale,-61.99,
01/04/2024,01/07/2024,HONEYBAKED HAM CO. 2600-P,Groceries,Sale,-3.00,
01/06/2024,01/07/2024,Payment Thank You-Mobile,,Payment,2362.83,
01/04/2024,01/05/2024,FEDEX OFFIC59000059022,Personal,Sale,-0.19,
01/04/2024,01/05/2024,UWAJIMAYA,Groceries,Sale,-24.49,
01/04/2024,01/05/2024,WL *Steam Purchase,Entertainment,Sale,-7.49,
01/01/2024,01/03/2024,CARLS JR RESTAURANTS 8992,Food & Drink,Sale,-12.98,
12/31/2023,12/31/2023,SQ *SALT &amp; STRAW,Food & Drink,Sale,-14.55,
12/28/2023,12/29/2023,USPS PO 4006880100,Shopping,Sale,-15.75,
12/28/2023,12/29/2023,RED ROBIN NO 41,Food & Drink,Sale,-46.56,
12/28/2023,12/29/2023,FEDEX OFFIC59000059022,Personal,Sale,-0.19,
12/28/2023,12/29/2023,FEDEX OFFIC59000059022,Personal,Sale,-0.57,
12/27/2023,12/28/2023,FEDEX OFFIC59000059022,Personal,Sale,-3.99,
12/27/2023,12/28/2023,FEDEX OFFIC59000059022,Personal,Sale,-0.19,
12/27/2023,12/28/2023,THE UPS STORE 859,Personal,Sale,-3.50,
12/26/2023,12/27/2023,Amazon Prime*FI5293YG3,Bills & Utilities,Sale,-6.99,
12/26/2023,12/27/2023,STEAMGAMES.COM 4259522985,Entertainment,Sale,-33.99,
12/25/2023,12/26/2023,ETSY  INC.,Shopping,Sale,-70.15,
12/24/2023,12/25/2023,CRICUT,Shopping,Sale,-9.99,
12/25/2023,12/25/2023,DD *DOORDASHDASHPASS,Food & Drink,Sale,-9.99,
12/23/2023,12/24/2023,Etsy.com - FujeJewellery,Shopping,Sale,-31.84,
12/23/2023,12/24/2023,TST* PRIME TAPHOUSE - WES,Food & Drink,Sale,-49.99,
12/21/2023,12/22/2023,COSTCO WHSE #0009,Shopping,Sale,-9.95,
12/20/2023,12/21/2023,TJMAXX #0343,Shopping,Sale,-122.01,
12/20/2023,12/21/2023,FASTRAK VIOLATION CENT,Travel,Sale,-7.00,
12/21/2023,12/21/2023,COMCAST CALIFORNIA,Bills & Utilities,Return,6.94,
12/19/2023,12/20/2023,COSTCO GAS #0009,Gas,Sale,-41.42,
12/19/2023,12/20/2023,AMZN Mktp US*6377Y8LB3,Shopping,Sale,-99.24,
12/19/2023,12/20/2023,FEDEX OFFIC59000059022,Personal,Sale,-0.19,
12/19/2023,12/19/2023,AUTOMATIC PAYMENT - THANK,,Payment,1248.24,
12/19/2023,12/19/2023,STEAMGAMES.COM 4259522985,Entertainment,Sale,-19.78,
12/15/2023,12/17/2023,FTD* ANDREWS FLOWERS,Shopping,Sale,-25.00,
12/15/2023,12/17/2023,STARBUCKS STORE 14028,Food & Drink,Sale,-5.25,
12/15/2023,12/17/2023,OFFICE DEPOT #3369,Shopping,Sale,-6.99,
12/13/2023,12/15/2023,SEVEN FEATHERS TRUCK &amp;,Gas,Sale,-32.23,
12/13/2023,12/15/2023,SEVEN FEATHERS TRUCK &amp;,Gas,Sale,-8.68,
12/14/2023,12/15/2023,SQ *BOXER RAMEN,Food & Drink,Sale,-38.50,
12/13/2023,12/14/2023,MARATHON PETRO249763,Gas,Sale,-27.51,
12/13/2023,12/14/2023,PET FOOD EXPRESS 3076,Shopping,Sale,-18.00,
12/12/2023,12/13/2023,LOWES #01087*,Home,Sale,-5.04,
12/11/2023,12/13/2023,LOWES #01087*,Home,Return,6.12,
12/12/2023,12/13/2023,COSTCO GAS #0765,Gas,Sale,-20.05,
12/12/2023,12/13/2023,FAIRYLOOT US,Shopping,Sale,-36.90,
12/12/2023,12/13/2023,TST* BRICKYARD COUNTER &amp;,Food & Drink,Sale,-36.56,
12/11/2023,12/13/2023,CAR-IZMA AUTO SPA - CAMER,Automotive,Sale,-26.99,
12/12/2023,12/13/2023,AMZN Mktp US*CR3LI5RG3,Shopping,Sale,-25.14,
12/10/2023,12/11/2023,LOWES #01087*,Home,Sale,-26.55,
12/10/2023,12/11/2023,BARNES &amp; NOBLE CAFE 3300,Food & Drink,Sale,-13.93,
12/10/2023,12/11/2023,AMZN Mktp US*JT0M80GH3,Shopping,Sale,-12.79,
12/10/2023,12/11/2023,COSTCO GAS #0765,Gas,Sale,-49.32,
12/09/2023,12/10/2023,CHEVRON 0372025,Gas,Sale,-7.50,
12/08/2023,12/10/2023,DOLLAR TREE,Shopping,Sale,-9.04,
12/08/2023,12/10/2023,SAFEWAY #1618,Groceries,Sale,-13.50,
12/06/2023,12/08/2023,GOLDORADO ANIMAL HOSPI,Personal,Sale,-35.03,
12/06/2023,12/08/2023,IN-N-OUT PLACERVILLE,Food & Drink,Sale,-17.00,
12/05/2023,12/07/2023,LAZY DOG RESTAURANT 23,Food & Drink,Sale,-79.15,
12/03/2023,12/07/2023,TWBONKERS TOY &amp; CANDY EMP,Shopping,Sale,-6.48,
12/05/2023,12/05/2023,FAIRYLOOT US,Shopping,Sale,-34.90,
12/04/2023,12/05/2023,TJ MAXX #094,Shopping,Sale,-32.15,
12/03/2023,12/05/2023,THE HOME DEPOT 6675,Home,Sale,-27.55,
12/03/2023,12/05/2023,IN-N-OUT FOLSOM,Food & Drink,Sale,-17.62,
11/30/2023,12/03/2023,STAPLES       00113787,Shopping,Sale,-0.25,
12/01/2023,12/03/2023,TJ MAXX #094,Shopping,Sale,-42.88,
12/02/2023,12/03/2023,THAI PARADISE EDH,Food & Drink,Sale,-53.81,
11/30/2023,12/01/2023,THE UPS STORE 4924,Personal,Sale,-30.00,
11/29/2023,12/01/2023,EL DORADO DISPOSAL (PL,Bills & Utilities,Sale,-81.03,
11/30/2023,12/01/2023,Amazon.com*L11ON7BU3,Shopping,Sale,-9.92,
11/29/2023,12/01/2023,IN-N-OUT FOLSOM,Food & Drink,Sale,-19.99,
11/29/2023,11/30/2023,DOLLAR TREE,Shopping,Sale,-8.04,
11/28/2023,11/29/2023,KEYMELOCKSMITHS.COM,Shopping,Return,18.21,
11/27/2023,11/28/2023,COLDSTONE 20363,Food & Drink,Sale,-17.74,
11/27/2023,11/28/2023,BIG LOTS STORES - #1987,Shopping,Sale,-10.39,
11/26/2023,11/28/2023,BEL AIR #524,Groceries,Sale,-24.54,
11/27/2023,11/28/2023,THAI PARADISE EDH,Food & Drink,Sale,-45.92,
11/27/2023,11/27/2023,KEYMELOCKSMITHS.COM,Shopping,Sale,-18.21,
11/26/2023,11/27/2023,Amazon.com*H582G8W83,Shopping,Sale,-19.79,
11/26/2023,11/27/2023,Amazon Prime*QJ88F2G73,Bills & Utilities,Sale,-7.50,
11/26/2023,11/27/2023,AMZN Mktp US*2V5QB6L13,Shopping,Sale,-18.07,
11/27/2023,11/27/2023,COMCAST CALIFORNIA,Bills & Utilities,Sale,-25.00,
11/25/2023,11/26/2023,STEAMGAMES.COM 4259522985,Entertainment,Sale,-36.82,
11/25/2023,11/26/2023,DD *DOORDASHDASHPASS,Food & Drink,Sale,-9.99,
11/24/2023,11/26/2023,STEVENS CREEK SURPLUS D,Shopping,Sale,-112.38,
11/24/2023,11/26/2023,CRICUT,Shopping,Sale,-369.00,
11/24/2023,11/26/2023,GULF OIL 92065661,Gas,Sale,-28.75,
11/24/2023,11/26/2023,BARNES &amp; NOBLE #1944,Shopping,Sale,-32.80,
11/23/2023,11/24/2023,IN-N-OUT SUNNYVALE,Food & Drink,Sale,-8.62,
11/21/2023,11/22/2023,LOPEZ TAQUERIA,Food & Drink,Sale,-27.21,
11/21/2023,11/22/2023,CHEVRON 0306695,Gas,Sale,-28.44,
11/21/2023,11/22/2023,PILOT_00168,Gas,Sale,-42.77,
11/21/2023,11/22/2023,SUNNYVALE SMOG CENTER,Automotive,Sale,-58.00,
11/21/2023,11/22/2023,PETCO 0270,Shopping,Sale,-19.62,
11/20/2023,11/22/2023,DUTCH BROS OR0705 GRANTSP,Food & Drink,Sale,-15.20,
11/20/2023,11/21/2023,COSTCO GAS #0017,Gas,Sale,-17.98,
11/21/2023,11/21/2023,MERCARI888-325-2168,Shopping,Sale,-74.30,
11/19/2023,11/19/2023,AUTOMATIC PAYMENT - THANK,,Payment,610.44,
11/18/2023,11/19/2023,HMART - PORTLAND,Groceries,Sale,-5.18,
11/16/2023,11/17/2023,TST* LITTLE BIG BURGER,Food & Drink,Sale,-19.50,
11/13/2023,11/14/2023,FAIRYLOOT US,Shopping,Sale,-121.40,
11/09/2023,11/10/2023,MERCARI888-325-2168,Shopping,Sale,-190.00,
11/09/2023,11/10/2023,AMZN Mktp US*Z37GT0TA3,Shopping,Sale,-15.97,
11/08/2023,11/09/2023,COSTCO WHSE #0009,Shopping,Sale,-126.43,
11/06/2023,11/08/2023,ROSS STORES #399,Shopping,Sale,-25.96,
11/07/2023,11/08/2023,BARNES &amp; NOBLE #3413,Shopping,Sale,-92.97,
11/06/2023,11/07/2023,Amazon.com*XB4QK3FA3,Shopping,Sale,-19.79,
11/06/2023,11/06/2023,AMZN Mktp US*JW2UN5JD3,Shopping,Sale,-4.63,
11/01/2023,11/02/2023,MUD BAY BEAVERTON TWN SQ,Shopping,Sale,-61.99,
11/01/2023,11/02/2023,FRED MEYER 0035,Groceries,Sale,-24.26,
10/26/2023,10/27/2023,Amazon Prime*3U06V1Q93,Bills & Utilities,Sale,-7.50,
10/26/2023,10/27/2023,PAYPAL *ALEXISMBONHAM,Professional Services,Sale,-125.00,
10/25/2023,10/26/2023,TJMAXX #0343,Shopping,Sale,-15.99,
10/25/2023,10/26/2023,TOPAZ FARM,Entertainment,Sale,-23.52,
10/24/2023,10/26/2023,DAVES HOT CHICKEN 1022,Food & Drink,Sale,-12.58,
10/23/2023,10/25/2023,TJMAXX #0343,Shopping,Return,7.99,
10/23/2023,10/25/2023,TST* Batter Up,Food & Drink,Sale,-16.15,
10/25/2023,10/25/2023,DOORDASH DASHPASS,Food & Drink,Sale,-9.99,
10/23/2023,10/24/2023,BEST TERIYAKI,Food & Drink,Sale,-13.75,
10/23/2023,10/24/2023,TJMAXX #0343,Shopping,Sale,-38.97,
10/21/2023,10/23/2023,THE HOME DEPOT 4018,Home,Sale,-17.52,
10/20/2023,10/22/2023,COSTCO WHSE #0009,Shopping,Sale,-2.68,
10/20/2023,10/22/2023,THE HOME DEPOT 4018,Home,Return,6.28,
10/20/2023,10/22/2023,THE HOME DEPOT 4018,Home,Sale,-41.13,
10/20/2023,10/22/2023,TST* BUBBLE N TEA LLC,Food & Drink,Sale,-6.00,
10/21/2023,10/22/2023,TJMAXX #0343,Shopping,Sale,-123.89,
10/20/2023,10/22/2023,THE HOME DEPOT 4018,Home,Sale,-20.09,
10/19/2023,10/19/2023,AUTOMATIC PAYMENT - THANK,,Payment,1659.25,
10/10/2023,10/11/2023,Amazon.com*TE01L2960,Shopping,Sale,-120.99,
10/10/2023,10/11/2023,AMZN Mktp US*TE53U0942,Shopping,Sale,-135.38,
10/09/2023,10/11/2023,THE HOME DEPOT 4001,Home,Return,29.98,
10/04/2023,10/05/2023,CARLS JR RESTAURANTS 8992,Food & Drink,Sale,-4.99,
10/02/2023,10/03/2023,COLOR ME MINE - HILLSBORO,Shopping,Sale,-91.10,
09/26/2023,09/27/2023,Amazon Prime*T12JW65M0,Bills & Utilities,Sale,-7.50,
09/24/2023,09/25/2023,DD DOORDASH XINDINGDU,Food & Drink,Sale,-30.98,
09/24/2023,09/24/2023,DOORDASH DASHPASS,Food & Drink,Sale,-9.99,
09/23/2023,09/24/2023,STEAMGAMES.COM 4259522985,Entertainment,Sale,-29.99,
09/21/2023,09/22/2023,WAL-MART #5993,Groceries,Sale,-28.86,
09/21/2023,09/22/2023,PANDA EXPRESS #1139,Food & Drink,Sale,-9.90,
09/21/2023,09/22/2023,AMZN Mktp US*TX0F80UE0,Shopping,Sale,-12.98,
09/19/2023,09/21/2023,THE HOME DEPOT 4018,Home,Sale,-45.94,
09/20/2023,09/21/2023,RED ROBIN NO 41,Food & Drink,Sale,-47.44,
09/18/2023,09/19/2023,AMZN Mktp US*TX0OT26E2,Shopping,Sale,-198.98,
09/18/2023,09/19/2023,AMZN Mktp US*TX3XY1HR0,Shopping,Sale,-74.19,
09/18/2023,09/19/2023,AMZN Mktp US*TX0TA45E0,Shopping,Sale,-16.60,
09/16/2023,09/17/2023,COSTCO WHSE #0009,Shopping,Sale,-6.97,
09/16/2023,09/17/2023,IKEA PORTLAND,Home,Sale,-138.00,
09/13/2023,09/15/2023,HOMEDEPOT.COM,Home,Sale,-340.56,
09/12/2023,09/14/2023,CARLS JR RESTAURANTS 8992,Food & Drink,Sale,-6.00,
09/13/2023,09/14/2023,PANDA EXPRESS 1221,Food & Drink,Sale,-19.20,
09/12/2023,09/13/2023,DD DOORDASH SICHUANTA,Food & Drink,Sale,-14.46,
09/12/2023,09/13/2023,DD DOORDASH TASTYCORN,Food & Drink,Sale,-16.29,
09/11/2023,09/12/2023,MUD BAY BEAVERTON TWN SQ,Shopping,Sale,-61.99,
09/10/2023,09/12/2023,GOODWILL OF HALSEY,Gifts & Donations,Sale,-10.97,
09/10/2023,09/11/2023,TARGET        00025239,Shopping,Sale,-23.99,
09/10/2023,09/11/2023,AMZN Mktp CA*TR3SG7M12,Shopping,Sale,-13.42,
09/10/2023,09/11/2023,AMZN Mktp CA*TR1SJ6X82,Shopping,Sale,-37.11,
09/10/2023,09/11/2023,EL CAMPESINO PORTLAND,Shopping,Sale,-30.78,
09/10/2023,09/11/2023,SQ *SALT&amp;PEPPER PERUMEX L,Food & Drink,Sale,-51.00,
09/08/2023,09/10/2023,AMZN Mktp US*TR1RX9ZO0,Shopping,Sale,-30.87,
09/08/2023,09/08/2023,AMZN Mktp US*TR43C2NG2,Shopping,Sale,-21.99,
09/08/2023,09/08/2023,AMZN Mktp US,Shopping,Return,45.99,
09/06/2023,09/07/2023,STEAMGAMES.COM 4259522985,Entertainment,Sale,-69.99,
09/05/2023,09/06/2023,DD DOORDASH PRIMETAPH,Food & Drink,Sale,-15.57,
09/06/2023,09/06/2023,ANC*ANCESTRY.COM,Bills & Utilities,Sale,-69.95,
09/05/2023,09/06/2023,COSTCO GAS #0009,Gas,Sale,-53.38,
09/05/2023,09/06/2023,AMZN Mktp US*TL02679M2,Shopping,Sale,-45.99,
09/05/2023,09/06/2023,DD DOORDASH PRIMETAPH,Food & Drink,Sale,-13.65,
09/05/2023,09/05/2023,AMZN Mktp US*TL0YG7SY2,Shopping,Sale,-45.99,
09/03/2023,09/04/2023,Amazon.com*TL8WC64Y1,Shopping,Sale,-119.99,
09/02/2023,09/03/2023,AMZN Mktp US*TL1VV9TQ0,Shopping,Sale,-8.78,
09/02/2023,09/03/2023,AMZN Mktp US*TL3VU1TV0,Shopping,Sale,-5.94,
09/02/2023,09/03/2023,Payment Thank You - Web,,Payment,3939.97,
09/01/2023,09/03/2023,SQ *SALT&amp;PEPPER PERUMEX L,Food & Drink,Sale,-27.50,
08/31/2023,09/01/2023,Etsy.com - LilacLibrarys,Shopping,Sale,-193.81,
08/31/2023,09/01/2023,ROVENTE PIZZERIA - BEAVER,Food & Drink,Sale,-20.50,
08/28/2023,08/29/2023,WL *Steam Purchase,Entertainment,Sale,-19.99,
08/27/2023,08/29/2023,ROSS STORES #1038,Shopping,Sale,-57.34,
08/27/2023,08/28/2023,AMZN Mktp US*T36YH3PF0,Shopping,Sale,-36.99,
08/27/2023,08/28/2023,TJMAXX #0343,Shopping,Sale,-27.98,
08/27/2023,08/28/2023,AMZN Mktp US*T30N475J2,Shopping,Sale,-3.00,
08/28/2023,08/28/2023,AMZN Mktp US*T37B96X10,Shopping,Sale,-13.99,
08/28/2023,08/28/2023,AMZN Mktp US*T360Y0BT2,Shopping,Sale,-37.58,
08/25/2023,08/27/2023,TST* BUBBLE N TEA LLC,Food & Drink,Sale,-13.75,
08/25/2023,08/27/2023,COSTCO WHSE #0009,Shopping,Sale,-11.99,
08/25/2023,08/27/2023,WWW COSTCO COM,Shopping,Sale,-1577.39,
08/26/2023,08/27/2023,USPS CHANGE OF ADDRESS,Shopping,Sale,-1.10,
08/25/2023,08/27/2023,WWW COSTCO COM,Shopping,Sale,-352.59,
08/26/2023,08/27/2023,USPS CHANGE OF ADDRESS,Shopping,Sale,-1.10,
08/26/2023,08/27/2023,AMZN Mktp US*T39WF3XP2,Shopping,Sale,-18.99,
08/25/2023,08/27/2023,DD DOORDASH THESHOWCH,Food & Drink,Sale,-11.21,
08/26/2023,08/27/2023,COSTCO WHSE #0009,Shopping,Return,20.98,
08/26/2023,08/27/2023,Amazon Prime*T37767PU2,Bills & Utilities,Sale,-7.50,
08/25/2023,08/27/2023,DD DOORDASH THESHOWCH,Food & Drink,Sale,-9.71,
08/25/2023,08/27/2023,AMZN Mktp US*T33P17CK0,Shopping,Sale,-48.60,
08/25/2023,08/27/2023,COSTCO WHSE #0009,Shopping,Sale,-39.88,
08/24/2023,08/25/2023,DOLLAR TREE,Shopping,Sale,-8.75,
08/24/2023,08/25/2023,Amazon.com,Shopping,Return,35.45,
08/24/2023,08/25/2023,AMZN Mktp US,Shopping,Return,45.00,
08/22/2023,08/24/2023,OFFICE DEPOT #3369,Shopping,Sale,-26.19,
08/23/2023,08/24/2023,COSTCO GAS #0009,Gas,Sale,-52.36,
08/21/2023,08/22/2023,COSTCO WHSE #0009,Shopping,Sale,-226.32,
08/21/2023,08/22/2023,DD DOORDASH THESHOWCH,Food & Drink,Sale,-22.90,
08/19/2023,08/21/2023,BATH AND BODY WORKS 5447,Shopping,Sale,-42.90,
08/17/2023,08/20/2023,SAFEWAY #4333,Groceries,Sale,-7.99,
08/19/2023,08/20/2023,COSTCO GAS #0682,Gas,Sale,-43.25,
08/19/2023,08/20/2023,COSTCO WHSE #0009,Shopping,Sale,-115.67,
08/19/2023,08/20/2023,MUD BAY BEAVERTON TWN SQ,Shopping,Sale,-24.48,
08/15/2023,08/16/2023,TJ MAXX #1110,Shopping,Sale,-18.97,
08/15/2023,08/16/2023,MUD BAY CORVALLIS,Shopping,Sale,-49.96,
08/14/2023,08/16/2023,SAFEWAY #4333,Groceries,Sale,-4.99,
08/14/2023,08/15/2023,COSTCO GAS #0765,Gas,Sale,-40.76,
08/13/2023,08/15/2023,TST* Grid Bar &amp; Grill - K,Food & Drink,Sale,-54.51,
08/14/2023,08/15/2023,COSTCO GAS #1287,Gas,Sale,-53.46,
08/10/2023,08/13/2023,IN N OUT BURGER 229,Food & Drink,Sale,-17.62,
08/10/2023,08/13/2023,DSW FOLSOM GATEWAY,Shopping,Sale,-27.57,
08/10/2023,08/13/2023,SAFEWAY #1592,Groceries,Sale,-61.24,
08/10/2023,08/11/2023,COSTCO GAS #0765,Gas,Sale,-25.72,
08/09/2023,08/10/2023,COURSRAAFZDY1QSY106F2,Education,Return,49.00,
08/08/2023,08/10/2023,THE HOME DEPOT 1085,Home,Sale,-26.50,
08/08/2023,08/10/2023,THE HOME DEPOT 1085,Home,Sale,-48.93,
08/04/2023,08/09/2023,COURSRAAFZDY1QSY106F2,Education,Adjustment,49.00,
08/07/2023,08/09/2023,IN N OUT BURGER 229,Food & Drink,Sale,-20.26,
08/08/2023,08/09/2023,66 STANDARD PLUMBING,Home,Sale,-21.55,
08/05/2023,08/08/2023,U-HAULHILLSBORO WEST SELF,Automotive,Return,12.00,
08/05/2023,08/08/2023,U-HAULHILLSBORO WEST SELF,Automotive,Return,7.00,
08/07/2023,08/08/2023,COSTCO GAS #0765,Gas,Sale,-53.72,
08/05/2023,08/07/2023,U-HAULHILLSBORO WEST SELF,Automotive,Sale,-7.00,
08/05/2023,08/06/2023,COSTCO GAS #0682,Gas,Sale,-33.81,
08/05/2023,08/06/2023,COSTCO WHSE #0009,Shopping,Sale,-4.48,
08/04/2023,08/06/2023,COURSRAAFZDY1QSY106F2,Education,Sale,-49.00,
08/03/2023,08/06/2023,U-HAUL STORAGE OF CORVALL,Shopping,Sale,-13.95,
08/03/2023,08/06/2023,ROBNETT'S HARDWARE,Home,Sale,-5.49,
08/04/2023,08/06/2023,TASTE OF SICHUAN,Food & Drink,Sale,-53.85,
08/03/2023,08/06/2023,WISECRACKS CAFE,Food & Drink,Sale,-36.98,
08/04/2023,08/06/2023,PP*DUTCH BROS 100,Food & Drink,Sale,-5.45,
08/04/2023,08/06/2023,U-HAULDANES AUTO SERVICE,Automotive,Sale,-90.00,
08/02/2023,08/04/2023,FEDEX OFFICE 800000836,Personal,Sale,-14.66,
08/03/2023,08/04/2023,WAL-MART #3146,Groceries,Sale,-3.48,
08/02/2023,08/03/2023,AMZN Mktp US*TH10W4S60,Shopping,Sale,-30.99,
08/02/2023,08/03/2023,AMZN Mktp US*TH3AP07R0,Shopping,Sale,-16.94,
08/02/2023,08/03/2023,FEDEX OFFIC10000010025,Personal,Sale,-4.99,
07/31/2023,08/01/2023,Mol*Bcherbchse OHG,Shopping,Sale,-92.19,
07/29/2023,07/30/2023,COSTCO GAS #0682,Gas,Sale,-43.87,
07/29/2023,07/30/2023,COSTCO WHSE #0682,Shopping,Sale,-27.48,
07/29/2023,07/30/2023,COSTCO WHSE #0682,Shopping,Sale,-9.95,
07/26/2023,07/27/2023,Amazon Prime*T63T56H51,Bills & Utilities,Sale,-7.50,
07/25/2023,07/26/2023,MCDONALD'S F14142,Food & Drink,Sale,-4.78,
07/25/2023,07/25/2023,Payment Thank You - Web,,Payment,1285.22,
07/23/2023,07/24/2023,INKWELL HOME STORE,Home,Sale,-11.45,
07/19/2023,07/20/2023,SQ *SUGOI SUSHI,Food & Drink,Sale,-32.00,
07/19/2023,07/19/2023,AUTOMATIC PAYMENT - THANK,,Payment,671.19,
07/16/2023,07/18/2023,SAFEWAY #4333,Groceries,Sale,-9.71,
07/14/2023,07/16/2023,AMZN Mktp US*U07W87V23,Shopping,Sale,-42.94,
07/15/2023,07/16/2023,MCMENAMINS CORVALLIS PUB,Food & Drink,Sale,-62.35,
07/13/2023,07/14/2023,COSTCO GAS #0682,Gas,Sale,-20.19,
07/14/2023,07/14/2023,Amazon.com*491CD2RO3,Shopping,Sale,-35.45,
07/12/2023,07/13/2023,MONROE INTERNAT MARKET,Groceries,Sale,-6.98,
07/12/2023,07/13/2023,AMZN Mktp US*QI0JT1BW3,Shopping,Sale,-45.00,
07/10/2023,07/11/2023,WL *Steam Purchase,Entertainment,Sale,-14.99,
07/08/2023,07/09/2023,WAL-MART #3146,Groceries,Sale,-15.73,
07/07/2023,07/09/2023,SAFEWAY #4333,Groceries,Sale,-4.99,
07/06/2023,07/07/2023,RITE AID 05365,Health & Wellness,Sale,-39.99,
07/05/2023,07/06/2023,COSTCO GAS #0682,Gas,Sale,-42.28,
07/03/2023,07/05/2023,PP*5DUTCHBROSC,Food & Drink,Sale,-8.45,
07/02/2023,07/03/2023,COSTCO WHSE #0682,Shopping,Sale,-120.00,
07/02/2023,07/03/2023,COSTCO WHSE #0682,Shopping,Sale,-17.88,
07/01/2023,07/02/2023,MATT &amp; MANDY'S FAMILY,Food & Drink,Sale,-32.92,
07/01/2023,07/02/2023,PP*DUTCH BROS 022,Food & Drink,Sale,-14.50,
07/01/2023,07/02/2023,STEAMGAMES.COM 4259522985,Entertainment,Sale,-15.88,
06/28/2023,06/29/2023,MCDONALD'S F4453,Food & Drink,Sale,-1.00,
06/26/2023,06/28/2023,PP*6DUTCHBROSC,Food & Drink,Sale,-4.45,
06/26/2023,06/27/2023,POWER KIA,Automotive,Sale,-380.84,
06/26/2023,06/27/2023,Amazon Prime*H16KZ7IQ3,Bills & Utilities,Sale,-7.50,
06/23/2023,06/26/2023,COURTYARD BY MARRIOTT,Travel,Sale,-10.00,
06/25/2023,06/26/2023,DD DOORDASH THESHOWCH,Food & Drink,Sale,-9.27,
06/24/2023,06/25/2023,SQ *PDX SLIDERS,Food & Drink,Sale,-59.20,
06/22/2023,06/25/2023,STANFORDS RESTAURANT,Food & Drink,Sale,-175.22,
06/21/2023,06/23/2023,SPACE NEEDLE GIFT SHOP,Shopping,Sale,-9.91,
06/22/2023,06/23/2023,TACOMA GOODWILL INDUST,Shopping,Sale,-14.33,
06/21/2023,06/23/2023,GOODWILL - SOUTH LAKE UNI,Shopping,Sale,-19.82,
06/20/2023,06/22/2023,PIROSHKY PIROSHKY BAKERY,Food & Drink,Sale,-31.01,
06/21/2023,06/22/2023,FUNKO EVERETT,Shopping,Sale,-61.48,
06/21/2023,06/22/2023,FUNKO EVERETT,Shopping,Sale,-61.56,
06/20/2023,06/21/2023,MARKETSPICE,Groceries,Sale,-12.83,
06/19/2023,06/21/2023,WISECRACKS CAFE,Food & Drink,Sale,-42.43,
06/19/2023,06/21/2023,CANNON BEACH HARDWARE &amp; P,Food & Drink,Sale,-20.51,
06/20/2023,06/21/2023,GOLDEN AGE COLLECTABLES L,Shopping,Sale,-9.91,
06/19/2023,06/20/2023,TILLAMOOK COUNTY ICECREA,Food & Drink,Sale,-13.00,
06/16/2023,06/18/2023,KINGS BLVD ONE HR CLEANER,Personal,Sale,-54.00,
06/16/2023,06/18/2023,TST* JAMBA JUICE - 1256 -,Food & Drink,Sale,-3.89,
06/17/2023,06/18/2023,CL *Chase Travel,Travel,Sale,-161.90,
06/15/2023,06/16/2023,MCDONALD'S F14142,Food & Drink,Sale,-12.99,
06/13/2023,06/14/2023,PERSONAL TOUCH CAR WASH,Automotive,Sale,-16.00,
06/12/2023,06/14/2023,IN N OUT BURGER 139,Food & Drink,Sale,-14.40,
06/13/2023,06/13/2023,Subway 62752,Food & Drink,Sale,-7.39,
06/11/2023,06/12/2023,AMZN Mktp US*B30KY2C53,Shopping,Sale,-17.15,
06/08/2023,06/11/2023,GRUB SANTA CLARA LLC,Food & Drink,Sale,-24.12,
06/09/2023,06/11/2023,Prime Video,Shopping,Return,5.99,
06/09/2023,06/11/2023,MCDONALD'S F13556,Food & Drink,Sale,-1.39,
06/09/2023,06/11/2023,MCDONALD'S F13556,Food & Drink,Sale,-4.30,
06/06/2023,06/07/2023,IKENOHANA RESTAURANT,Food & Drink,Sale,-61.45,
06/06/2023,06/07/2023,Prime Video,Shopping,Sale,-5.99,
06/06/2023,06/06/2023,AMZN Mktp US*QM5FX7EX3,Shopping,Sale,-9.99,
05/26/2023,05/28/2023,AMZN Mktp US*PN3SQ66K3,Shopping,Sale,-21.99,
05/26/2023,05/28/2023,Amazon Prime*O26PY7Q93,Bills & Utilities,Sale,-7.50,
